,num_nodes,num_edges,density,avg_degree,avg_clustering,num_components,largest_component_size,largest_component_ratio,avg_degree_centrality,avg_betweenness_centrality,avg_closeness_centrality,avg_eigenvector_centrality,internal_edges,external_edges,homophily
train_licit,3633,655,9.927960896869251e-05,0.3605835397742912,0.0004308546858121014,2978,23,0.006330856041838701,1.0056881233962821e-05,7.262789404026026e-07,0.0018310013974171613,1.2336046028765977e-06,655.0,6135,0.09646539027982327
train_illicit,80779,79305,2.4307427350191475e-05,1.963505366493767,0.013157980681024237,14115,3070,0.03800492702311244,1.3177198688094261e-05,2.017568284141665e-06,0.0022832529863698963,0.00016184483628976128,79305.0,58289,0.5763696091399334
val_licit,508,18,0.00013977542747984904,0.07086614173228346,0.0,490,3,0.005905511811023622,7.5835047237602635e-06,6.59433705715051e-07,0.0017963816532525767,3.598297732084541e-08,18.0,749,0.02346805736636245
val_illicit,4148,379,4.4065268685359795e-05,0.18273866923818707,0.008678015229953267,3771,52,0.01253616200578592,1.5573282103833025e-05,2.4048852061708677e-06,0.002429308939473887,0.000567639410226949,379.0,12405,0.02964643304130163
test_licit,435,8,8.475025160230945e-05,0.0367816091954023,0.0001248961483696522,427,2,0.004597701149425287,1.0649930030862233e-05,2.94360509050376e-07,0.0017748324008827498,3.5890705118192506e-06,8.0,928,0.008547008547008548
test_illicit,4222,394,4.421734237836107e-05,0.18664140217906205,0.006547593062515567,3830,27,0.006395073424917101,1.5682746436575933e-05,2.3418347270457754e-06,0.0024179482166686987,0.00039690118822540554,394.0,12704,0.03008092838601313
unknown,110044,82403,1.3609564522167503e-05,1.4976373087128785,0.015231719587385829,29186,1420,0.012903929337355968,9.631971910269733e-06,9.818192524294671e-07,0.002000300178913004,1.8627385825107236e-06,82403.0,51176,0.6168858877518173
