,num_nodes,num_edges,density,avg_degree,avg_clustering,num_components,largest_component_size,largest_component_ratio,avg_degree_centrality,avg_betweenness_centrality,avg_closeness_centrality,avg_eigenvector_centrality,internal_edges,external_edges,homophily
train_licit,5022,2172,0.000172275249210187,0.8649940262843488,0.00903557483298146,2878,155,0.030864197530864196,1.049131221627626e-05,9.170110363407896e-07,0.0019743317621465015,8.924318148857258e-07,2172.0,6392,0.253619803829986
train_illicit,79390,77956,2.4737363405426123e-05,1.9638745433933744,0.01599612912629327,12219,3961,0.049892933618843685,1.3066399879031289e-05,1.7151326031820334e-06,0.0026971216073382646,0.00014964702154478704,77956.0,55465,0.584285832065417
val_licit,508,18,0.00013977542747984904,0.07086614173228346,0.0,490,3,0.005905511811023622,7.5835047237602635e-06,6.59433705715051e-07,0.0017963816532525767,3.598297732084541e-08,18.0,749,0.02346805736636245
val_illicit,4148,379,4.4065268685359795e-05,0.18273866923818707,0.008678015229953267,3771,52,0.01253616200578592,1.5573282103833025e-05,2.4048852061708677e-06,0.002429308939473887,0.000567639410226949,379.0,12405,0.02964643304130163
test_licit,435,8,8.475025160230945e-05,0.0367816091954023,0.0001248961483696522,427,2,0.004597701149425287,1.0649930030862233e-05,2.94360509050376e-07,0.0017748324008827498,3.5890705118192506e-06,8.0,928,0.008547008547008548
test_illicit,4222,394,4.421734237836107e-05,0.18664140217906205,0.006547593062515567,3830,27,0.006395073424917101,1.5682746436575933e-05,2.3418347270457754e-06,0.0024179482166686987,0.00039690118822540554,394.0,12704,0.03008092838601313
unknown,110044,86291,1.4251701178141038e-05,1.5682999527461743,0.012952126591478345,26538,2480,0.02253643996946676,9.731465985386234e-06,1.2076026938168864e-06,0.0017008866947312755,1.2705554939221465e-05,86291.0,45631,0.6541062142781341
