,num_nodes,num_edges,density,avg_degree,avg_clustering,num_components,largest_component_size,largest_component_ratio,avg_degree_centrality,avg_betweenness_centrality,avg_closeness_centrality,avg_eigenvector_centrality,internal_edges,external_edges,homophily
train_licit,3628,651,9.89455234218189e-05,0.35887541345093715,0.00043144847672419085,2977,23,0.006339581036383682,1.0065330583060998e-05,7.274016189607848e-07,0.0018271031652960406,1.2353042017325875e-06,651.0,6139,0.09587628865979382
train_illicit,80784,71659,2.1961166687306653e-05,1.774088928500693,0.01176040992358531,18557,2858,0.035378292731233905,1.3232575870131384e-05,2.142527628286172e-06,0.002271841163024698,0.00016146460815676507,71659.0,74506,0.49026100639688025
val_licit,508,18,0.00013977542747984904,0.07086614173228346,0.0,490,3,0.005905511811023622,7.5835047237602635e-06,6.59433705715051e-07,0.0017963816532525767,3.598297732084541e-08,18.0,749,0.02346805736636245
val_illicit,4148,379,4.4065268685359795e-05,0.18273866923818707,0.008678015229953267,3771,52,0.01253616200578592,1.5573282103833025e-05,2.4048852061708677e-06,0.002429308939473887,0.000567639410226949,379.0,12405,0.02964643304130163
test_licit,435,8,8.475025160230945e-05,0.0367816091954023,0.0001248961483696522,427,2,0.004597701149425287,1.0649930030862233e-05,2.94360509050376e-07,0.0017748324008827498,3.5890705118192506e-06,8.0,928,0.008547008547008548
test_illicit,4222,394,4.421734237836107e-05,0.18664140217906205,0.006547593062515567,3830,27,0.006395073424917101,1.5682746436575933e-05,2.3418347270457754e-06,0.0024179482166686987,0.00039690118822540554,394.0,12704,0.03008092838601313
unknown,110044,73468,1.2133872387104864e-05,1.3352477190941805,0.016257087314527168,38983,1196,0.01086837992075897,9.590898829506714e-06,8.899901187929429e-07,0.0020087856416852517,2.1345128472855485e-06,73468.0,68125,0.5188674581370548
